LineId,Label,Timestamp,Date,User,Month,Day,Time,Location,Component,PID,Content,EventId,EventTemplate
1,-,1131566461,2005.11.09,dn228,Nov,9,12:01:01,dn228/dn228,crond(pam_unix),2915,session closed for user root,E117,session closed for user root
2,-,1131566461,2005.11.09,dn228,Nov,9,12:01:01,dn228/dn228,crond(pam_unix),2915,session opened for user root by (uid=0),E118,session opened for user root by (uid=0)
3,-,1131566461,2005.11.09,dn228,Nov,9,12:01:01,dn228/dn228,crond,2916,(root) CMD (run-parts /etc/cron.hourly),E3,(root) CMD (run-parts /etc/cron.hourly)
4,-,1131566461,2005.11.09,dn261,Nov,9,12:01:01,dn261/dn261,crond(pam_unix),2907,session closed for user root,E117,session closed for user root
5,-,1131566461,2005.11.09,dn261,Nov,9,12:01:01,dn261/dn261,crond(pam_unix),2907,session opened for user root by (uid=0),E118,session opened for user root by (uid=0)
6,-,1131566461,2005.11.09,dn261,Nov,9,12:01:01,dn261/dn261,crond,2908,(root) CMD (run-parts /etc/cron.hourly),E3,(root) CMD (run-parts /etc/cron.hourly)
7,-,1131566461,2005.11.09,dn3,Nov,9,12:01:01,dn3/dn3,crond(pam_unix),2907,session closed for user root,E117,session closed for user root
8,-,1131566461,2005.11.09,dn3,Nov,9,12:01:01,dn3/dn3,crond(pam_unix),2907,session opened for user root by (uid=0),E118,session opened for user root by (uid=0)
9,-,1131566461,2005.11.09,dn3,Nov,9,12:01:01,dn3/dn3,crond,2908,(root) CMD (run-parts /etc/cron.hourly),E3,(root) CMD (run-parts /etc/cron.hourly)
10,-,1131566461,2005.11.09,dn596,Nov,9,12:01:01,dn596/dn596,crond(pam_unix),2727,session closed for user root,E117,session closed for user root
11,-,1131566461,2005.11.09,dn596,Nov,9,12:01:01,dn596/dn596,crond(pam_unix),2727,session opened for user root by (uid=0),E118,session opened for user root by (uid=0)
12,-,1131566461,2005.11.09,dn596,Nov,9,12:01:01,dn596/dn596,crond,2728,(root) CMD (run-parts /etc/cron.hourly),E3,(root) CMD (run-parts /etc/cron.hourly)
13,-,1131566461,2005.11.09,dn700,Nov,9,12:01:01,dn700/dn700,crond(pam_unix),2912,session closed for user root,E117,session closed for user root
14,-,1131566461,2005.11.09,dn700,Nov,9,12:01:01,dn700/dn700,crond(pam_unix),2912,session opened for user root by (uid=0),E118,session opened for user root by (uid=0)
15,-,1131566461,2005.11.09,dn700,Nov,9,12:01:01,dn700/dn700,crond,2913,(root) CMD (run-parts /etc/cron.hourly),E3,(root) CMD (run-parts /etc/cron.hourly)
16,-,1131566461,2005.11.09,dn73,Nov,9,12:01:01,dn73/dn73,crond(pam_unix),2917,session closed for user root,E117,session closed for user root
17,-,1131566461,2005.11.09,dn73,Nov,9,12:01:01,dn73/dn73,crond(pam_unix),2917,session opened for user root by (uid=0),E118,session opened for user root by (uid=0)
18,-,1131566461,2005.11.09,dn73,Nov,9,12:01:01,dn73/dn73,crond,2918,(root) CMD (run-parts /etc/cron.hourly),E3,(root) CMD (run-parts /etc/cron.hourly)
19,-,1131566461,2005.11.09,dn731,Nov,9,12:01:01,dn731/dn731,crond(pam_unix),2916,session closed for user root,E117,session closed for user root
20,-,1131566461,2005.11.09,dn731,Nov,9,12:01:01,dn731/dn731,crond(pam_unix),2916,session opened for user root by (uid=0),E118,session opened for user root by (uid=0)
21,-,1131566461,2005.11.09,dn731,Nov,9,12:01:01,dn731/dn731,crond,2917,(root) CMD (run-parts /etc/cron.hourly),E3,(root) CMD (run-parts /etc/cron.hourly)
22,-,1131566461,2005.11.09,dn754,Nov,9,12:01:01,dn754/dn754,crond(pam_unix),2913,session closed for user root,E117,session closed for user root
23,-,1131566461,2005.11.09,dn754,Nov,9,12:01:01,dn754/dn754,crond(pam_unix),2913,session opened for user root by (uid=0),E118,session opened for user root by (uid=0)
24,-,1131566461,2005.11.09,dn754,Nov,9,12:01:01,dn754/dn754,crond,2914,(root) CMD (run-parts /etc/cron.hourly),E3,(root) CMD (run-parts /etc/cron.hourly)
25,-,1131566461,2005.11.09,dn978,Nov,9,12:01:01,dn978/dn978,crond(pam_unix),2920,session closed for user root,E117,session closed for user root
26,-,1131566461,2005.11.09,dn978,Nov,9,12:01:01,dn978/dn978,crond(pam_unix),2920,session opened for user root by (uid=0),E118,session opened for user root by (uid=0)
27,-,1131566461,2005.11.09,dn978,Nov,9,12:01:01,dn978/dn978,crond,2921,(root) CMD (run-parts /etc/cron.hourly),E3,(root) CMD (run-parts /etc/cron.hourly)
28,-,1131566461,2005.11.09,eadmin1,Nov,9,12:01:01,src@eadmin1,crond(pam_unix),4307,session closed for user root,E117,session closed for user root
29,-,1131566461,2005.11.09,eadmin1,Nov,9,12:01:01,src@eadmin1,crond(pam_unix),4307,session opened for user root by (uid=0),E118,session opened for user root by (uid=0)
30,-,1131566461,2005.11.09,eadmin1,Nov,9,12:01:01,src@eadmin1,crond,4308,(root) CMD (run-parts /etc/cron.hourly),E3,(root) CMD (run-parts /etc/cron.hourly)
31,-,1131566461,2005.11.09,eadmin2,Nov,9,12:01:01,src@eadmin2,crond(pam_unix),12636,session closed for user root,E117,session closed for user root
32,-,1131566461,2005.11.09,eadmin2,Nov,9,12:01:01,src@eadmin2,crond(pam_unix),12636,session opened for user root by (uid=0),E118,session opened for user root by (uid=0)
33,-,1131566461,2005.11.09,eadmin2,Nov,9,12:01:01,src@eadmin2,crond,12637,(root) CMD (run-parts /etc/cron.hourly),E3,(root) CMD (run-parts /etc/cron.hourly)
34,-,1131566461,2005.11.09,en257,Nov,9,12:01:01,en257/en257,crond(pam_unix),8950,session closed for user root,E117,session closed for user root
35,-,1131566461,2005.11.09,en257,Nov,9,12:01:01,en257/en257,crond(pam_unix),8950,session opened for user root by (uid=0),E118,session opened for user root by (uid=0)
36,-,1131566461,2005.11.09,en257,Nov,9,12:01:01,en257/en257,crond,8951,(root) CMD (run-parts /etc/cron.hourly),E3,(root) CMD (run-parts /etc/cron.hourly)
37,-,1131566461,2005.11.09,en74,Nov,9,12:01:01,en74/en74,crond(pam_unix),3080,session closed for user root,E117,session closed for user root
38,-,1131566461,2005.11.09,en74,Nov,9,12:01:01,en74/en74,crond(pam_unix),3080,session opened for user root by (uid=0),E118,session opened for user root by (uid=0)
39,-,1131566461,2005.11.09,en74,Nov,9,12:01:01,en74/en74,crond,3081,(root) CMD (run-parts /etc/cron.hourly),E3,(root) CMD (run-parts /etc/cron.hourly)
40,-,1131566461,2005.11.09,tbird-admin1,Nov,9,12:01:01,local@tbird-admin1,/apps/x86_64/system/ganglia-3.0.1/sbin/gmetad,1682,data_thread() got not answer from any [Thunderbird_A8] datasource,E32,data_thread() got not answer from any [Thunderbird_<*>] datasource
41,-,1131566461,2005.11.09,tbird-admin1,Nov,9,12:01:01,local@tbird-admin1,/apps/x86_64/system/ganglia-3.0.1/sbin/gmetad,1682,data_thread() got not answer from any [Thunderbird_B8] datasource,E32,data_thread() got not answer from any [Thunderbird_<*>] datasource
42,-,1131566461,2005.11.09,tbird-admin1,Nov,9,12:01:01,local@tbird-admin1,/apps/x86_64/system/ganglia-3.0.1/sbin/gmetad,1682,data_thread() got not answer from any [Thunderbird_C5] datasource,E32,data_thread() got not answer from any [Thunderbird_<*>] datasource
43,-,1131566462,2005.11.09,#8#,Nov,9,12:01:02,#8#/#8#,crond(pam_unix),23469,session closed for user root,E117,session closed for user root
44,-,1131566462,2005.11.09,#8#,Nov,9,12:01:02,#8#/#8#,crond(pam_unix),23469,session opened for user root by (uid=0),E118,session opened for user root by (uid=0)
45,-,1131566462,2005.11.09,#8#,Nov,9,12:01:02,#8#/#8#,crond,23474,(root) CMD (run-parts /etc/cron.hourly),E3,(root) CMD (run-parts /etc/cron.hourly)
"46,-,1131566463,2005.11.09,cn142,Nov,9,12:01:03,cn142/cn142,ntpd,7467,""synchronized to 10.100.20.250, stratum 3"",E125,""synchronized to <*>, stratum <*>"""
"47,-,1131566463,2005.11.09,dn1021,Nov,9,12:01:03,dn1021/dn1021,ntpd,32563,""synchronized to 10.100.28.250, stratum 3"",E125,""synchronized to <*>, stratum <*>"""
"48,-,1131566463,2005.11.09,dn736,Nov,9,12:01:03,dn736/dn736,ntpd,1119,""synchronized to 10.100.24.250, stratum 3"",E125,""synchronized to <*>, stratum <*>"""
49,-,1131566463,2005.11.09,tbird-admin1,Nov,9,12:01:03,local@tbird-admin1,/apps/x86_64/system/ganglia-3.0.1/sbin/gmetad,1682,data_thread() got not answer from any [Thunderbird_B7] datasource,E32,data_thread() got not answer from any [Thunderbird_<*>] datasource
"50,-,1131566467,2005.11.09,cn46,Nov,9,12:01:07,cn46/cn46,ntpd,15291,""synchronized to 10.100.16.250, stratum 3"",E125,""synchronized to <*>, stratum <*>"""
51,-,1131566467,2005.11.09,tbird-admin1,Nov,9,12:01:07,local@tbird-admin1,/apps/x86_64/system/ganglia-3.0.1/sbin/gmetad,1682,data_thread() got not answer from any [Thunderbird_A4] datasource,E32,data_thread() got not answer from any [Thunderbird_<*>] datasource
52,-,1131566467,2005.11.09,tbird-admin1,Nov,9,12:01:07,local@tbird-admin1,/apps/x86_64/system/ganglia-3.0.1/sbin/gmetad,1682,data_thread() got not answer from any [Thunderbird_B4] datasource,E32,data_thread() got not answer from any [Thunderbird_<*>] datasource
53,-,1131566468,2005.11.09,tbird-admin1,Nov,9,12:01:08,local@tbird-admin1,/apps/x86_64/system/ganglia-3.0.1/sbin/gmetad,1682,data_thread() got not answer from any [Thunderbird_C8] datasource,E32,data_thread() got not answer from any [Thunderbird_<*>] datasource
"54,-,1131566470,2005.11.09,bn441,Nov,9,12:01:10,bn441/bn441,ntpd,28489,""synchronized to 10.100.18.250, stratum 3"",E125,""synchronized to <*>, stratum <*>"""
"55,-,1131566470,2005.11.09,cn661,Nov,9,12:01:10,cn661/cn661,ntpd,18505,""synchronized to 10.100.20.250, stratum 3"",E125,""synchronized to <*>, stratum <*>"""
56,-,1131566470,2005.11.09,tbird-sm1,Nov,9,12:01:10,src@tbird-sm1,ib_sm.x,24904,[ib_sm_sweep.c:1831]: ********************** NEW SWEEP ********************,E8,[ib_sm_sweep.c:1831]: ********************** NEW SWEEP ********************
"57,-,1131566471,2005.11.09,dn393,Nov,9,12:01:11,dn393/dn393,ntpd,4696,""synchronized to 10.100.26.250, stratum 3"",E125,""synchronized to <*>, stratum <*>"""
58,-,1131566472,2005.11.09,tbird-admin1,Nov,9,12:01:12,local@tbird-admin1,/apps/x86_64/system/ganglia-3.0.1/sbin/gmetad,1682,data_thread() got not answer from any [Thunderbird_B3] datasource,E32,data_thread() got not answer from any [Thunderbird_<*>] datasource
"59,-,1131566473,2005.11.09,cn379,Nov,9,12:01:13,cn379/cn379,ntpd,10573,""synchronized to 10.100.18.250, stratum 3"",E125,""synchronized to <*>, stratum <*>"""
"60,-,1131566473,2005.11.09,cn733,Nov,9,12:01:13,cn733/cn733,ntpd,27716,""synchronized to 10.100.20.250, stratum 3"",E125,""synchronized to <*>, stratum <*>"""
61,-,1131566473,2005.11.09,tbird-admin1,Nov,9,12:01:13,local@tbird-admin1,/apps/x86_64/system/ganglia-3.0.1/sbin/gmetad,1682,data_thread() got not answer from any [Thunderbird_D5] datasource,E32,data_thread() got not answer from any [Thunderbird_<*>] datasource
"62,-,1131566474,2005.11.09,cn925,Nov,9,12:01:14,cn925/cn925,ntpd,29072,""synchronized to 10.100.22.250, stratum 3"",E125,""synchronized to <*>, stratum <*>"""
63,-,1131566474,2005.11.09,tbird-sm1,Nov,9,12:01:14,src@tbird-sm1,ib_sm.x,24904,[ib_sm_sweep.c:1455]: No topology change,E6,[ib_sm_sweep.c:1455]: No topology change
64,-,1131566474,2005.11.09,tbird-sm1,Nov,9,12:01:14,src@tbird-sm1,ib_sm.x,24904,[ib_sm_sweep.c:1482]: No configuration change required,E7,[ib_sm_sweep.c:1482]: No configuration change required
65,-,1131566475,2005.11.09,tbird-admin1,Nov,9,12:01:15,local@tbird-admin1,/apps/x86_64/system/ganglia-3.0.1/sbin/gmetad,1682,data_thread() got not answer from any [Thunderbird_A1] datasource,E32,data_thread() got not answer from any [Thunderbird_<*>] datasource
66,-,1131566475,2005.11.09,tbird-admin1,Nov,9,12:01:15,local@tbird-admin1,/apps/x86_64/system/ganglia-3.0.1/sbin/gmetad,1682,data_thread() got not answer from any [Thunderbird_C2] datasource,E32,data_thread() got not answer from any [Thunderbird_<*>] datasource
67,-,1131566476,2005.11.09,tbird-admin1,Nov,9,12:01:16,local@tbird-admin1,/apps/x86_64/system/ganglia-3.0.1/sbin/gmetad,1682,data_thread() got not answer from any [Thunderbird_B1] datasource,E32,data_thread() got not answer from any [Thunderbird_<*>] datasource
"68,-,1131566477,2005.11.09,cn543,Nov,9,12:01:17,cn543/cn543,ntpd,13785,""synchronized to 10.100.18.250, stratum 3"",E125,""synchronized to <*>, stratum <*>"""
69,-,1131566477,2005.11.09,tbird-admin1,Nov,9,12:01:17,local@tbird-admin1,/apps/x86_64/system/ganglia-3.0.1/sbin/gmetad,1682,data_thread() got not answer from any [Thunderbird_A3] datasource,E32,data_thread() got not answer from any [Thunderbird_<*>] datasource
70,-,1131566477,2005.11.09,tbird-admin1,Nov,9,12:01:17,local@tbird-admin1,/apps/x86_64/system/ganglia-3.0.1/sbin/gmetad,1682,data_thread() got not answer from any [Thunderbird_A5] datasource,E32,data_thread() got not answer from any [Thunderbird_<*>] datasource
"71,-,1131566478,2005.11.09,cn551,Nov,9,12:01:18,cn551/cn551,ntpd,15308,""synchronized to 10.100.22.250, stratum 3"",E125,""synchronized to <*>, stratum <*>"""
"72,-,1131566478,2005.11.09,dn360,Nov,9,12:01:18,dn360/dn360,ntpd,30984,""synchronized to 10.100.28.250, stratum 3"",E125,""synchronized to <*>, stratum <*>"""
73,-,1131566478,2005.11.09,tbird-admin1,Nov,9,12:01:18,local@tbird-admin1,/apps/x86_64/system/ganglia-3.0.1/sbin/gmetad,1682,data_thread() got not answer from any [Thunderbird_A6] datasource,E32,data_thread() got not answer from any [Thunderbird_<*>] datasource
74,-,1131566479,2005.11.09,#8#,Nov,9,12:01:19,#8#/#8#,sshd,19023,Local disconnected: Connection closed.,E67,Local disconnected: Connection closed.
75,-,1131566479,2005.11.09,#8#,Nov,9,12:01:19,#8#/#8#,sshd,19023,connection lost: 'Connection closed.',E30,connection lost: 'Connection closed.'
"76,-,1131566479,2005.11.09,bn431,Nov,9,12:01:19,bn431/bn431,ntpd,28723,""synchronized to 10.100.20.250, stratum 3"",E125,""synchronized to <*>, stratum <*>"""
"77,-,1131566480,2005.11.09,dn77,Nov,9,12:01:20,dn77/dn77,ntpd,9978,""synchronized to 10.100.24.250, stratum 3"",E125,""synchronized to <*>, stratum <*>"""
78,-,1131566480,2005.11.09,tbird-admin1,Nov,9,12:01:20,local@tbird-admin1,/apps/x86_64/system/ganglia-3.0.1/sbin/gmetad,1682,data_thread() got not answer from any [Thunderbird_B6] datasource,E32,data_thread() got not answer from any [Thunderbird_<*>] datasource
79,-,1131566482,2005.11.09,tbird-admin1,Nov,9,12:01:22,local@tbird-admin1,/apps/x86_64/system/ganglia-3.0.1/sbin/gmetad,1682,data_thread() got not answer from any [Thunderbird_B2] datasource,E32,data_thread() got not answer from any [Thunderbird_<*>] datasource
80,-,1131566482,2005.11.09,tbird-admin1,Nov,9,12:01:22,local@tbird-admin1,/apps/x86_64/system/ganglia-3.0.1/sbin/gmetad,1682,data_thread() got not answer from any [Thunderbird_C1] datasource,E32,data_thread() got not answer from any [Thunderbird_<*>] datasource
81,-,1131566482,2005.11.09,tbird-admin1,Nov,9,12:01:22,local@tbird-admin1,/apps/x86_64/system/ganglia-3.0.1/sbin/gmetad,1682,data_thread() got not answer from any [Thunderbird_C4] datasource,E32,data_thread() got not answer from any [Thunderbird_<*>] datasource
82,-,1131566482,2005.11.09,tbird-admin1,Nov,9,12:01:22,local@tbird-admin1,/apps/x86_64/system/ganglia-3.0.1/sbin/gmetad,1682,data_thread() got not answer from any [Thunderbird_D7] datasource,E32,data_thread() got not answer from any [Thunderbird_<*>] datasource
83,-,1131566483,2005.11.09,tbird-admin1,Nov,9,12:01:23,local@tbird-admin1,/apps/x86_64/system/ganglia-3.0.1/sbin/gmetad,1682,data_thread() got not answer from any [Thunderbird_A7] datasource,E32,data_thread() got not answer from any [Thunderbird_<*>] datasource
"84,-,1131566484,2005.11.09,cn931,Nov,9,12:01:24,cn931/cn931,ntpd,29054,""synchronized to 10.100.20.250, stratum 3"",E125,""synchronized to <*>, stratum <*>"""
85,-,1131566484,2005.11.09,tbird-sm1,Nov,9,12:01:24,src@tbird-sm1,ib_sm.x,24904,[ib_sm_sweep.c:1831]: ********************** NEW SWEEP ********************,E8,[ib_sm_sweep.c:1831]: ********************** NEW SWEEP ********************
86,-,1131566485,2005.11.09,tbird-admin1,Nov,9,12:01:25,local@tbird-admin1,/apps/x86_64/system/ganglia-3.0.1/sbin/gmetad,1682,data_thread() got not answer from any [Thunderbird_D6] datasource,E32,data_thread() got not answer from any [Thunderbird_<*>] datasource
87,-,1131566486,2005.11.09,tbird-admin1,Nov,9,12:01:26,local@tbird-admin1,/apps/x86_64/system/ganglia-3.0.1/sbin/gmetad,1682,data_thread() got not answer from any [Thunderbird_B5] datasource,E32,data_thread() got not answer from any [Thunderbird_<*>] datasource
88,-,1131566486,2005.11.09,tbird-admin1,Nov,9,12:01:26,local@tbird-admin1,/apps/x86_64/system/ganglia-3.0.1/sbin/gmetad,1682,data_thread() got not answer from any [Thunderbird_B8] datasource,E32,data_thread() got not answer from any [Thunderbird_<*>] datasource
89,-,1131566486,2005.11.09,tbird-admin1,Nov,9,12:01:26,local@tbird-admin1,/apps/x86_64/system/ganglia-3.0.1/sbin/gmetad,1682,data_thread() got not answer from any [Thunderbird_D4] datasource,E32,data_thread() got not answer from any [Thunderbird_<*>] datasource
90,-,1131566487,2005.11.09,tbird-admin1,Nov,9,12:01:27,local@tbird-admin1,/apps/x86_64/system/ganglia-3.0.1/sbin/gmetad,1682,data_thread() got not answer from any [Thunderbird_C6] datasource,E32,data_thread() got not answer from any [Thunderbird_<*>] datasource
"91,-,1131566488,2005.11.09,dn557,Nov,9,12:01:28,dn557/dn557,ntpd,31472,""synchronized to 10.100.26.250, stratum 3"",E125,""synchronized to <*>, stratum <*>"""
"92,-,1131566488,2005.11.09,dn943,Nov,9,12:01:28,dn943/dn943,ntpd,3570,""synchronized to 10.100.26.250, stratum 3"",E125,""synchronized to <*>, stratum <*>"""
93,-,1131566488,2005.11.09,tbird-admin1,Nov,9,12:01:28,local@tbird-admin1,/apps/x86_64/system/ganglia-3.0.1/sbin/gmetad,1682,data_thread() got not answer from any [Thunderbird_D8] datasource,E32,data_thread() got not answer from any [Thunderbird_<*>] datasource
94,-,1131566488,2005.11.09,tbird-sm1,Nov,9,12:01:28,src@tbird-sm1,ib_sm.x,24904,[ib_sm_sweep.c:1455]: No topology change,E6,[ib_sm_sweep.c:1455]: No topology change
95,-,1131566488,2005.11.09,tbird-sm1,Nov,9,12:01:28,src@tbird-sm1,ib_sm.x,24904,[ib_sm_sweep.c:1482]: No configuration change required,E7,[ib_sm_sweep.c:1482]: No configuration change required
96,-,1131566490,2005.11.09,eadmin1,Nov,9,12:01:30,src@eadmin1,sendmail,4306,unable to qualify my own domain name (eadmin1) -- using short name,E131,unable to qualify my own domain name (<*>) -- using short name
97,-,1131566491,2005.11.09,eadmin1,Nov,9,12:01:31,src@eadmin1,crond(pam_unix),1205,session closed for user root,E117,session closed for user root
"98,-,1131566491,2005.11.09,eadmin1,Nov,9,12:01:31,src@eadmin1,sendmail,4306,""jA9J1UvC004306: from=root, size=629060, class=0, nrcpts=1, msgid=<200511091901.jA9J1UvC004306@eadmin1>, relay=#7#@localhost"",E15,""<*>: from=root, size=<*>, class=<*>, nrcpts=<*>, msgid=<<*>>, relay=#<*>#@localhost"""
"99,-,1131566491,2005.11.09,eadmin1,Nov,9,12:01:31,src@eadmin1,sendmail,4306,""jA9J1UvC004306: to=root, ctladdr=root (0/0), delay=00:00:01, xdelay=00:00:00, mailer=relay, pri=659060, relay=[127.0.0.1] [127.0.0.1], dsn=4.0.0, stat=Deferred: Connection refused by [127.0.0.1]"",E16,""<*>: to=root, ctladdr=root (0/0), delay=<*>:<*>:<*>, xdelay=<*>:<*>:<*>, mailer=relay, pri=<*>, relay=[<*>] [<*>], dsn=<*>.<*>.<*>, stat=Deferred: Connection refused by [<*>]"""
100,-,1131566491,2005.11.09,tbird-admin1,Nov,9,12:01:31,local@tbird-admin1,/apps/x86_64/system/ganglia-3.0.1/sbin/gmetad,1682,data_thread() got not answer from any [Thunderbird_A2] datasource,E32,data_thread() got not answer from any [Thunderbird_<*>] datasource
101,-,1131566492,2005.11.09,badmin1,Nov,9,12:01:32,src@badmin1,sendmail,11176,unable to qualify my own domain name (badmin1) -- using short name,E131,unable to qualify my own domain name (<*>) -- using short name
102,-,1131566492,2005.11.09,cadmin1,Nov,9,12:01:32,src@cadmin1,sendmail,19391,unable to qualify my own domain name (cadmin1) -- using short name,E131,unable to qualify my own domain name (<*>) -- using short name
"103,-,1131566492,2005.11.09,cn615,Nov,9,12:01:32,cn615/cn615,ntpd,18517,""synchronized to 10.100.16.250, stratum 3"",E125,""synchronized to <*>, stratum <*>"""
104,-,1131566492,2005.11.09,dadmin1,Nov,9,12:01:32,src@dadmin1,sendmail,24258,unable to qualify my own domain name (dadmin1) -- using short name,E131,unable to qualify my own domain name (<*>) -- using short name
105,-,1131566492,2005.11.09,tbird-admin1,Nov,9,12:01:32,local@tbird-admin1,/apps/x86_64/system/ganglia-3.0.1/sbin/gmetad,1682,data_thread() got not answer from any [Thunderbird_A8] datasource,E32,data_thread() got not answer from any [Thunderbird_<*>] datasource
"106,-,1131566493,2005.11.09,cn566,Nov,9,12:01:33,cn566/cn566,ntpd,18010,""synchronized to 10.100.22.250, stratum 3"",E125,""synchronized to <*>, stratum <*>"""
107,-,1131566493,2005.11.09,tbird-admin1,Nov,9,12:01:33,local@tbird-admin1,/apps/x86_64/system/ganglia-3.0.1/sbin/gmetad,1682,data_thread() got not answer from any [Thunderbird_B7] datasource,E32,data_thread() got not answer from any [Thunderbird_<*>] datasource
108,-,1131566494,2005.11.09,cadmin1,Nov,9,12:01:34,src@cadmin1,crond(pam_unix),16315,session closed for user root,E117,session closed for user root
"109,-,1131566494,2005.11.09,cadmin1,Nov,9,12:01:34,src@cadmin1,sendmail,19391,""jA9J1Wd7019391: from=root, size=1594553, class=0, nrcpts=1, msgid=<200511091901.jA9J1Wd7019391@cadmin1>, relay=#7#@localhost"",E15,""<*>: from=root, size=<*>, class=<*>, nrcpts=<*>, msgid=<<*>>, relay=#<*>#@localhost"""
"110,-,1131566494,2005.11.09,cadmin1,Nov,9,12:01:34,src@cadmin1,sendmail,19391,""jA9J1Wd7019391: to=root, ctladdr=root (0/0), delay=00:00:02, xdelay=00:00:00, mailer=relay, pri=1624553, relay=[127.0.0.1] [127.0.0.1], dsn=4.0.0, stat=Deferred: Connection refused by [127.0.0.1]"",E16,""<*>: to=root, ctladdr=root (0/0), delay=<*>:<*>:<*>, xdelay=<*>:<*>:<*>, mailer=relay, pri=<*>, relay=[<*>] [<*>], dsn=<*>.<*>.<*>, stat=Deferred: Connection refused by [<*>]"""
"111,-,1131566494,2005.11.09,cn728,Nov,9,12:01:34,cn728/cn728,ntpd,28511,""synchronized to 10.100.20.250, stratum 3"",E125,""synchronized to <*>, stratum <*>"""
112,-,1131566494,2005.11.09,tbird-admin1,Nov,9,12:01:34,local@tbird-admin1,/apps/x86_64/system/ganglia-3.0.1/sbin/gmetad,1682,data_thread() got not answer from any [Thunderbird_A4] datasource,E32,data_thread() got not answer from any [Thunderbird_<*>] datasource
113,-,1131566495,2005.11.09,badmin1,Nov,9,12:01:35,src@badmin1,crond(pam_unix),8099,session closed for user root,E117,session closed for user root
"114,-,1131566495,2005.11.09,badmin1,Nov,9,12:01:35,src@badmin1,sendmail,11176,""jA9J1WSU011176: from=root, size=1593894, class=0, nrcpts=1, msgid=<200511091901.jA9J1WSU011176@badmin1>, relay=#7#@localhost"",E15,""<*>: from=root, size=<*>, class=<*>, nrcpts=<*>, msgid=<<*>>, relay=#<*>#@localhost"""
"115,-,1131566495,2005.11.09,badmin1,Nov,9,12:01:35,src@badmin1,sendmail,11176,""jA9J1WSU011176: to=root, ctladdr=root (0/0), delay=00:00:03, xdelay=00:00:00, mailer=relay, pri=1623894, relay=[127.0.0.1] [127.0.0.1], dsn=4.0.0, stat=Deferred: Connection refused by [127.0.0.1]"",E16,""<*>: to=root, ctladdr=root (0/0), delay=<*>:<*>:<*>, xdelay=<*>:<*>:<*>, mailer=relay, pri=<*>, relay=[<*>] [<*>], dsn=<*>.<*>.<*>, stat=Deferred: Connection refused by [<*>]"""
116,-,1131566495,2005.11.09,dadmin1,Nov,9,12:01:35,src@dadmin1,crond(pam_unix),21181,session closed for user root,E117,session closed for user root
"117,-,1131566495,2005.11.09,dadmin1,Nov,9,12:01:35,src@dadmin1,sendmail,24258,""jA9J1WFE024258: from=root, size=1597080, class=0, nrcpts=1, msgid=<200511091901.jA9J1WFE024258@dadmin1>, relay=#7#@localhost"",E15,""<*>: from=root, size=<*>, class=<*>, nrcpts=<*>, msgid=<<*>>, relay=#<*>#@localhost"""
"118,-,1131566495,2005.11.09,dadmin1,Nov,9,12:01:35,src@dadmin1,sendmail,24258,""jA9J1WFE024258: to=root, ctladdr=root (0/0), delay=00:00:03, xdelay=00:00:00, mailer=relay, pri=1627080, relay=[127.0.0.1] [127.0.0.1], dsn=4.0.0, stat=Deferred: Connection refused by [127.0.0.1]"",E16,""<*>: to=root, ctladdr=root (0/0), delay=<*>:<*>:<*>, xdelay=<*>:<*>:<*>, mailer=relay, pri=<*>, relay=[<*>] [<*>], dsn=<*>.<*>.<*>, stat=Deferred: Connection refused by [<*>]"""
119,-,1131566495,2005.11.09,tbird-admin1,Nov,9,12:01:35,local@tbird-admin1,/apps/x86_64/system/ganglia-3.0.1/sbin/gmetad,1682,data_thread() got not answer from any [Thunderbird_C5] datasource,E32,data_thread() got not answer from any [Thunderbird_<*>] datasource
"120,-,1131566496,2005.11.09,cn980,Nov,9,12:01:36,cn980/cn980,ntpd,19676,""synchronized to 10.100.20.250, stratum 3"",E125,""synchronized to <*>, stratum <*>"""
121,-,1131566497,2005.11.09,tbird-admin1,Nov,9,12:01:37,local@tbird-admin1,/apps/x86_64/system/ganglia-3.0.1/sbin/gmetad,1682,data_thread() got not answer from any [Thunderbird_B4] datasource,E32,data_thread() got not answer from any [Thunderbird_<*>] datasource
122,-,1131566497,2005.11.09,tbird-admin1,Nov,9,12:01:37,local@tbird-admin1,/apps/x86_64/system/ganglia-3.0.1/sbin/gmetad,1682,data_thread() got not answer from any [Thunderbird_C8] datasource,E32,data_thread() got not answer from any [Thunderbird_<*>] datasource
123,-,1131566498,2005.11.09,tbird-admin1,Nov,9,12:01:38,local@tbird-admin1,/apps/x86_64/system/ganglia-3.0.1/sbin/gmetad,1682,data_thread() got not answer from any [Thunderbird_D5] datasource,E32,data_thread() got not answer from any [Thunderbird_<*>] datasource
124,-,1131566498,2005.11.09,tbird-sm1,Nov,9,12:01:38,src@tbird-sm1,ib_sm.x,24904,[ib_sm_sweep.c:1831]: ********************** NEW SWEEP ********************,E8,[ib_sm_sweep.c:1831]: ********************** NEW SWEEP ********************
125,-,1131566499,2005.11.09,aadmin1,Nov,9,12:01:39,src@aadmin1,sendmail,16560,unable to qualify my own domain name (aadmin1) -- using short name,E131,unable to qualify my own domain name (<*>) -- using short name
"126,-,1131566500,2005.11.09,cn822,Nov,9,12:01:40,cn822/cn822,ntpd,28661,""synchronized to 10.100.20.250, stratum 3"",E125,""synchronized to <*>, stratum <*>"""
127,-,1131566501,2005.11.09,aadmin1,Nov,9,12:01:41,src@aadmin1,crond(pam_unix),13476,session closed for user root,E117,session closed for user root
128,-,1131566501,2005.11.09,aadmin1,Nov,9,12:01:41,src@aadmin1,dhcpd,,DHCPDISCOVER from 00:11:43:e3:ba:c3 via eth1,E36,DHCPDISCOVER from <*> via eth1
129,-,1131566501,2005.11.09,aadmin1,Nov,9,12:01:41,src@aadmin1,dhcpd,,DHCPOFFER on 10.100.4.251 to 00:11:43:e3:ba:c3 via eth1,E38,DHCPOFFER on <*> to <*> via eth1
"130,-,1131566501,2005.11.09,aadmin1,Nov,9,12:01:41,src@aadmin1,sendmail,16560,""jA9J1dQ7016560: from=root, size=1595423, class=0, nrcpts=1, msgid=<200511091901.jA9J1dQ7016560@aadmin1>, relay=#7#@localhost"",E15,""<*>: from=root, size=<*>, class=<*>, nrcpts=<*>, msgid=<<*>>, relay=#<*>#@localhost"""
"131,-,1131566501,2005.11.09,aadmin1,Nov,9,12:01:41,src@aadmin1,sendmail,16560,""jA9J1dQ7016560: to=root, ctladdr=root (0/0), delay=00:00:02, xdelay=00:00:00, mailer=relay, pri=1625423, relay=[127.0.0.1] [127.0.0.1], dsn=4.0.0, stat=Deferred: Connection refused by [127.0.0.1]"",E16,""<*>: to=root, ctladdr=root (0/0), delay=<*>:<*>:<*>, xdelay=<*>:<*>:<*>, mailer=relay, pri=<*>, relay=[<*>] [<*>], dsn=<*>.<*>.<*>, stat=Deferred: Connection refused by [<*>]"""
132,-,1131566501,2005.11.09,aadmin2,Nov,9,12:01:41,src@aadmin2,dhcpd,,DHCPDISCOVER from 00:11:43:e3:ba:c3 via eth1: network A_net: no free leases,E37,DHCPDISCOVER from <*> via eth1: network A_net: no free leases
133,-,1131566501,2005.11.09,aadmin3,Nov,9,12:01:41,src@aadmin3,dhcpd,,DHCPDISCOVER from 00:11:43:e3:ba:c3 via eth1: network A_net: no free leases,E37,DHCPDISCOVER from <*> via eth1: network A_net: no free leases
134,-,1131566501,2005.11.09,aadmin4,Nov,9,12:01:41,src@aadmin4,dhcpd,,DHCPDISCOVER from 00:11:43:e3:ba:c3 via eth1: network A_net: no free leases,E37,DHCPDISCOVER from <*> via eth1: network A_net: no free leases
135,-,1131566501,2005.11.09,tbird-admin1,Nov,9,12:01:41,local@tbird-admin1,/apps/x86_64/system/ganglia-3.0.1/sbin/gmetad,1682,data_thread() got not answer from any [Thunderbird_B3] datasource,E32,data_thread() got not answer from any [Thunderbird_<*>] datasource
"136,-,1131566502,2005.11.09,bn999,Nov,9,12:01:42,bn999/bn999,ntpd,14515,""synchronized to 10.100.18.250, stratum 3"",E125,""synchronized to <*>, stratum <*>"""
137,-,1131566502,2005.11.09,tbird-sm1,Nov,9,12:01:42,src@tbird-sm1,ib_sm.x,24904,[ib_sm_sweep.c:1455]: No topology change,E6,[ib_sm_sweep.c:1455]: No topology change
138,-,1131566502,2005.11.09,tbird-sm1,Nov,9,12:01:42,src@tbird-sm1,ib_sm.x,24904,[ib_sm_sweep.c:1482]: No configuration change required,E7,[ib_sm_sweep.c:1482]: No configuration change required
139,-,1131566503,2005.11.09,aadmin1,Nov,9,12:01:43,src@aadmin1,dhcpd,,DHCPACK on 10.100.4.251 to 00:11:43:e3:ba:c3 via eth1,E35,DHCPACK on <*> to <*> via eth1
140,-,1131566503,2005.11.09,aadmin1,Nov,9,12:01:43,src@aadmin1,dhcpd,,DHCPREQUEST for 10.100.4.251 (10.100.0.250) from 00:11:43:e3:ba:c3 via eth1,E39,DHCPREQUEST for <*> (<*>) from <*> via eth1
141,-,1131566503,2005.11.09,aadmin1,Nov,9,12:01:43,src@aadmin1,xinetd,18274,START: tftp pid=16563 from=10.100.4.251,E119,START: tftp pid=<*> from=<*>
142,-,1131566503,2005.11.09,aadmin2,Nov,9,12:01:43,src@aadmin2,dhcpd,,DHCPREQUEST for 10.100.4.251 (10.100.0.250) from 00:11:43:e3:ba:c3 via eth1: unknown lease 10.100.4.251.,E40,DHCPREQUEST for <*> (<*>) from <*> via eth1: unknown lease <*>.
143,-,1131566503,2005.11.09,aadmin3,Nov,9,12:01:43,src@aadmin3,dhcpd,,DHCPREQUEST for 10.100.4.251 (10.100.0.250) from 00:11:43:e3:ba:c3 via eth1: unknown lease 10.100.4.251.,E40,DHCPREQUEST for <*> (<*>) from <*> via eth1: unknown lease <*>.
144,-,1131566503,2005.11.09,aadmin4,Nov,9,12:01:43,src@aadmin4,dhcpd,,DHCPREQUEST for 10.100.4.251 (10.100.0.250) from 00:11:43:e3:ba:c3 via eth1: unknown lease 10.100.4.251.,E40,DHCPREQUEST for <*> (<*>) from <*> via eth1: unknown lease <*>.
"145,-,1131566503,2005.11.09,dn77,Nov,9,12:01:43,dn77/dn77,ntpd,9978,""synchronized to 10.100.30.250, stratum 3"",E125,""synchronized to <*>, stratum <*>"""
146,-,1131566503,2005.11.09,tbird-admin1,Nov,9,12:01:43,local@tbird-admin1,/apps/x86_64/system/ganglia-3.0.1/sbin/gmetad,1682,data_thread() got not answer from any [Thunderbird_C2] datasource,E32,data_thread() got not answer from any [Thunderbird_<*>] datasource
"147,-,1131566506,2005.11.09,cn296,Nov,9,12:01:46,cn296/cn296,ntpd,24199,""synchronized to 10.100.20.250, stratum 3"",E125,""synchronized to <*>, stratum <*>"""
148,-,1131566506,2005.11.09,tbird-admin1,Nov,9,12:01:46,local@tbird-admin1,/apps/x86_64/system/ganglia-3.0.1/sbin/gmetad,1682,data_thread() got not answer from any [Thunderbird_B1] datasource,E32,data_thread() got not answer from any [Thunderbird_<*>] datasource
149,-,1131566507,2005.11.09,tbird-admin1,Nov,9,12:01:47,local@tbird-admin1,/apps/x86_64/system/ganglia-3.0.1/sbin/gmetad,1682,data_thread() got not answer from any [Thunderbird_A1] datasource,E32,data_thread() got not answer from any [Thunderbird_<*>] datasource
150,-,1131566507,2005.11.09,tbird-admin1,Nov,9,12:01:47,local@tbird-admin1,/apps/x86_64/system/ganglia-3.0.1/sbin/gmetad,1682,data_thread() got not answer from any [Thunderbird_C4] datasource,E32,data_thread() got not answer from any [Thunderbird_<*>] datasource
"151,-,1131566508,2005.11.09,dn233,Nov,9,12:01:48,dn233/dn233,ntpd,11151,""synchronized to 10.100.30.250, stratum 3"",E125,""synchronized to <*>, stratum <*>"""
"152,-,1131566509,2005.11.09,bn999,Nov,9,12:01:49,bn999/bn999,ntpd,14515,""synchronized to 10.100.20.250, stratum 3"",E125,""synchronized to <*>, stratum <*>"""
153,-,1131566509,2005.11.09,tbird-admin1,Nov,9,12:01:49,local@tbird-admin1,/apps/x86_64/system/ganglia-3.0.1/sbin/gmetad,1682,data_thread() got not answer from any [Thunderbird_A5] datasource,E32,data_thread() got not answer from any [Thunderbird_<*>] datasource
154,-,1131566509,2005.11.09,tbird-admin1,Nov,9,12:01:49,local@tbird-admin1,/apps/x86_64/system/ganglia-3.0.1/sbin/gmetad,1682,data_thread() got not answer from any [Thunderbird_C1] datasource,E32,data_thread() got not answer from any [Thunderbird_<*>] datasource
"155,-,1131566510,2005.11.09,bn132,Nov,9,12:01:50,bn132/bn132,ntpd,22316,""synchronized to 10.100.20.250, stratum 3"",E125,""synchronized to <*>, stratum <*>"""
"156,-,1131566510,2005.11.09,bn874,Nov,9,12:01:50,bn874/bn874,ntpd,25657,""synchronized to 10.100.18.250, stratum 3"",E125,""synchronized to <*>, stratum <*>"""
"157,-,1131566510,2005.11.09,bn946,Nov,9,12:01:50,bn946/bn946,ntpd,15562,""synchronized to 10.100.18.250, stratum 3"",E125,""synchronized to <*>, stratum <*>"""
158,-,1131566510,2005.11.09,tbird-admin1,Nov,9,12:01:50,local@tbird-admin1,/apps/x86_64/system/ganglia-3.0.1/sbin/gmetad,1682,data_thread() got not answer from any [Thunderbird_A6] datasource,E32,data_thread() got not answer from any [Thunderbird_<*>] datasource
159,-,1131566510,2005.11.09,tbird-admin1,Nov,9,12:01:50,local@tbird-admin1,/apps/x86_64/system/ganglia-3.0.1/sbin/gmetad,1682,data_thread() got not answer from any [Thunderbird_D7] datasource,E32,data_thread() got not answer from any [Thunderbird_<*>] datasource
160,-,1131566511,2005.11.09,tbird-admin1,Nov,9,12:01:51,local@tbird-admin1,/apps/x86_64/system/ganglia-3.0.1/sbin/gmetad,1682,data_thread() got not answer from any [Thunderbird_A3] datasource,E32,data_thread() got not answer from any [Thunderbird_<*>] datasource
161,-,1131566512,2005.11.09,tbird-admin1,Nov,9,12:01:52,local@tbird-admin1,/apps/x86_64/system/ganglia-3.0.1/sbin/gmetad,1682,data_thread() got not answer from any [Thunderbird_B6] datasource,E32,data_thread() got not answer from any [Thunderbird_<*>] datasource
162,-,1131566512,2005.11.09,tbird-sm1,Nov,9,12:01:52,src@tbird-sm1,ib_sm.x,24904,[ib_sm_sweep.c:1831]: ********************** NEW SWEEP ********************,E8,[ib_sm_sweep.c:1831]: ********************** NEW SWEEP ********************
163,-,1131566514,2005.11.09,tbird-admin1,Nov,9,12:01:54,local@tbird-admin1,/apps/x86_64/system/ganglia-3.0.1/sbin/gmetad,1682,data_thread() got not answer from any [Thunderbird_B2] datasource,E32,data_thread() got not answer from any [Thunderbird_<*>] datasource
"164,-,1131566515,2005.11.09,cn633,Nov,9,12:01:55,cn633/cn633,ntpd,18665,""synchronized to 10.100.22.250, stratum 3"",E125,""synchronized to <*>, stratum <*>"""
165,-,1131566516,2005.11.09,tbird-admin1,Nov,9,12:01:56,local@tbird-admin1,/apps/x86_64/system/ganglia-3.0.1/sbin/gmetad,1682,data_thread() got not answer from any [Thunderbird_B5] datasource,E32,data_thread() got not answer from any [Thunderbird_<*>] datasource
166,-,1131566516,2005.11.09,tbird-admin1,Nov,9,12:01:56,local@tbird-admin1,/apps/x86_64/system/ganglia-3.0.1/sbin/gmetad,1682,data_thread() got not answer from any [Thunderbird_D6] datasource,E32,data_thread() got not answer from any [Thunderbird_<*>] datasource
167,-,1131566516,2005.11.09,tbird-admin1,Nov,9,12:01:56,local@tbird-admin1,/apps/x86_64/system/ganglia-3.0.1/sbin/gmetad,1682,data_thread() got not answer from any [Thunderbird_D8] datasource,E32,data_thread() got not answer from any [Thunderbird_<*>] datasource
168,-,1131566516,2005.11.09,tbird-sm1,Nov,9,12:01:56,src@tbird-sm1,ib_sm.x,24904,[ib_sm_sweep.c:1455]: No topology change,E6,[ib_sm_sweep.c:1455]: No topology change
169,-,1131566516,2005.11.09,tbird-sm1,Nov,9,12:01:56,src@tbird-sm1,ib_sm.x,24904,[ib_sm_sweep.c:1482]: No configuration change required,E7,[ib_sm_sweep.c:1482]: No configuration change required
"170,-,1131566517,2005.11.09,bn825,Nov,9,12:01:57,bn825/bn825,ntpd,23041,""synchronized to 10.100.16.250, stratum 3"",E125,""synchronized to <*>, stratum <*>"""
171,-,1131566517,2005.11.09,tbird-admin1,Nov,9,12:01:57,local@tbird-admin1,/apps/x86_64/system/ganglia-3.0.1/sbin/gmetad,1682,data_thread() got not answer from any [Thunderbird_A2] datasource,E32,data_thread() got not answer from any [Thunderbird_<*>] datasource
172,-,1131566517,2005.11.09,tbird-admin1,Nov,9,12:01:57,local@tbird-admin1,/apps/x86_64/system/ganglia-3.0.1/sbin/gmetad,1682,data_thread() got not answer from any [Thunderbird_A7] datasource,E32,data_thread() got not answer from any [Thunderbird_<*>] datasource
173,-,1131566517,2005.11.09,tbird-admin1,Nov,9,12:01:57,local@tbird-admin1,/apps/x86_64/system/ganglia-3.0.1/sbin/gmetad,1682,data_thread() got not answer from any [Thunderbird_B8] datasource,E32,data_thread() got not answer from any [Thunderbird_<*>] datasource
174,-,1131566517,2005.11.09,tbird-admin1,Nov,9,12:01:57,local@tbird-admin1,/apps/x86_64/system/ganglia-3.0.1/sbin/gmetad,1682,data_thread() got not answer from any [Thunderbird_D4] datasource,E32,data_thread() got not answer from any [Thunderbird_<*>] datasource
"175,-,1131566518,2005.11.09,cn808,Nov,9,12:01:58,cn808/cn808,ntpd,28601,""synchronized to 10.100.22.250, stratum 3"",E125,""synchronized to <*>, stratum <*>"""
"176,-,1131566518,2005.11.09,cn887,Nov,9,12:01:58,cn887/cn887,ntpd,28964,""synchronized to 10.100.18.250, stratum 3"",E125,""synchronized to <*>, stratum <*>"""
"177,-,1131566518,2005.11.09,dn338,Nov,9,12:01:58,dn338/dn338,ntpd,31526,""synchronized to 10.100.28.250, stratum 3"",E125,""synchronized to <*>, stratum <*>"""
178,-,1131566518,2005.11.09,tbird-admin1,Nov,9,12:01:58,local@tbird-admin1,/apps/x86_64/system/ganglia-3.0.1/sbin/gmetad,1682,data_thread() got not answer from any [Thunderbird_C6] datasource,E32,data_thread() got not answer from any [Thunderbird_<*>] datasource
"179,-,1131566519,2005.11.09,cn763,Nov,9,12:01:59,cn763/cn763,ntpd,27810,""synchronized to 10.100.16.250, stratum 3"",E125,""synchronized to <*>, stratum <*>"""
"180,-,1131566519,2005.11.09,cn921,Nov,9,12:01:59,cn921/cn921,ntpd,28851,""synchronized to 10.100.22.250, stratum 3"",E125,""synchronized to <*>, stratum <*>"""
181,-,1131566519,2005.11.09,tbird-admin1,Nov,9,12:01:59,local@tbird-admin1,/apps/x86_64/system/ganglia-3.0.1/sbin/gmetad,1682,data_thread() got not answer from any [Thunderbird_B7] datasource,E32,data_thread() got not answer from any [Thunderbird_<*>] datasource
"182,-,1131566520,2005.11.09,bn780,Nov,9,12:02:00,bn780/bn780,ntpd,24873,""synchronized to 10.100.22.250, stratum 3"",E125,""synchronized to <*>, stratum <*>"""
183,-,1131566521,2005.11.09,tbird-admin1,Nov,9,12:02:01,local@tbird-admin1,/apps/x86_64/system/ganglia-3.0.1/sbin/gmetad,1682,data_thread() got not answer from any [Thunderbird_A4] datasource,E32,data_thread() got not answer from any [Thunderbird_<*>] datasource
184,-,1131566522,2005.11.09,tbird-admin1,Nov,9,12:02:02,local@tbird-admin1,/apps/x86_64/system/ganglia-3.0.1/sbin/gmetad,1682,data_thread() got not answer from any [Thunderbird_B4] datasource,E32,data_thread() got not answer from any [Thunderbird_<*>] datasource
185,-,1131566522,2005.11.09,tbird-admin1,Nov,9,12:02:02,local@tbird-admin1,/apps/x86_64/system/ganglia-3.0.1/sbin/gmetad,1682,data_thread() got not answer from any [Thunderbird_C8] datasource,E32,data_thread() got not answer from any [Thunderbird_<*>] datasource
"186,-,1131566523,2005.11.09,dn233,Nov,9,12:02:03,dn233/dn233,ntpd,11151,""synchronized to 10.100.24.250, stratum 3"",E125,""synchronized to <*>, stratum <*>"""
187,-,1131566523,2005.11.09,tbird-admin1,Nov,9,12:02:03,local@tbird-admin1,/apps/x86_64/system/ganglia-3.0.1/sbin/gmetad,1682,data_thread() got not answer from any [Thunderbird_C5] datasource,E32,data_thread() got not answer from any [Thunderbird_<*>] datasource
188,-,1131566525,2005.11.09,aadmin1,Nov,9,12:02:05,src@aadmin1,dhcpd,,DHCPACK on 10.100.4.251 to 00:11:43:e3:ba:c3 via eth1,E35,DHCPACK on <*> to <*> via eth1
189,-,1131566525,2005.11.09,aadmin1,Nov,9,12:02:05,src@aadmin1,dhcpd,,DHCPDISCOVER from 00:11:43:e3:ba:c3 via eth1,E36,DHCPDISCOVER from <*> via eth1
190,-,1131566525,2005.11.09,aadmin1,Nov,9,12:02:05,src@aadmin1,dhcpd,,DHCPDISCOVER from 00:11:43:e3:ba:c3 via eth1,E36,DHCPDISCOVER from <*> via eth1
191,-,1131566525,2005.11.09,aadmin1,Nov,9,12:02:05,src@aadmin1,dhcpd,,DHCPOFFER on 10.100.4.251 to 00:11:43:e3:ba:c3 via eth1,E38,DHCPOFFER on <*> to <*> via eth1
192,-,1131566525,2005.11.09,aadmin1,Nov,9,12:02:05,src@aadmin1,dhcpd,,DHCPOFFER on 10.100.4.251 to 00:11:43:e3:ba:c3 via eth1,E38,DHCPOFFER on <*> to <*> via eth1
193,-,1131566525,2005.11.09,aadmin1,Nov,9,12:02:05,src@aadmin1,dhcpd,,DHCPREQUEST for 10.100.4.251 (10.100.0.250) from 00:11:43:e3:ba:c3 via eth1,E39,DHCPREQUEST for <*> (<*>) from <*> via eth1
194,-,1131566525,2005.11.09,aadmin2,Nov,9,12:02:05,src@aadmin2,dhcpd,,DHCPDISCOVER from 00:11:43:e3:ba:c3 via eth1: network A_net: no free leases,E37,DHCPDISCOVER from <*> via eth1: network A_net: no free leases
195,-,1131566525,2005.11.09,aadmin2,Nov,9,12:02:05,src@aadmin2,dhcpd,,DHCPDISCOVER from 00:11:43:e3:ba:c3 via eth1: network A_net: no free leases,E37,DHCPDISCOVER from <*> via eth1: network A_net: no free leases
196,-,1131566525,2005.11.09,aadmin2,Nov,9,12:02:05,src@aadmin2,dhcpd,,DHCPREQUEST for 10.100.4.251 (10.100.0.250) from 00:11:43:e3:ba:c3 via eth1: unknown lease 10.100.4.251.,E40,DHCPREQUEST for <*> (<*>) from <*> via eth1: unknown lease <*>.
197,-,1131566525,2005.11.09,aadmin3,Nov,9,12:02:05,src@aadmin3,dhcpd,,DHCPDISCOVER from 00:11:43:e3:ba:c3 via eth1: network A_net: no free leases,E37,DHCPDISCOVER from <*> via eth1: network A_net: no free leases
198,-,1131566525,2005.11.09,aadmin3,Nov,9,12:02:05,src@aadmin3,dhcpd,,DHCPDISCOVER from 00:11:43:e3:ba:c3 via eth1: network A_net: no free leases,E37,DHCPDISCOVER from <*> via eth1: network A_net: no free leases
199,-,1131566525,2005.11.09,aadmin3,Nov,9,12:02:05,src@aadmin3,dhcpd,,DHCPREQUEST for 10.100.4.251 (10.100.0.250) from 00:11:43:e3:ba:c3 via eth1: unknown lease 10.100.4.251.,E40,DHCPREQUEST for <*> (<*>) from <*> via eth1: unknown lease <*>.
200,-,1131566525,2005.11.09,aadmin4,Nov,9,12:02:05,src@aadmin4,dhcpd,,DHCPDISCOVER from 00:11:43:e3:ba:c3 via eth1: network A_net: no free leases,E37,DHCPDISCOVER from <*> via eth1: network A_net: no free leases
201,-,1131566525,2005.11.09,aadmin4,Nov,9,12:02:05,src@aadmin4,dhcpd,,DHCPDISCOVER from 00:11:43:e3:ba:c3 via eth1: network A_net: no free leases,E37,DHCPDISCOVER from <*> via eth1: network A_net: no free leases
202,-,1131566525,2005.11.09,aadmin4,Nov,9,12:02:05,src@aadmin4,dhcpd,,DHCPREQUEST for 10.100.4.251 (10.100.0.250) from 00:11:43:e3:ba:c3 via eth1: unknown lease 10.100.4.251.,E40,DHCPREQUEST for <*> (<*>) from <*> via eth1: unknown lease <*>.
"203,-,1131566526,2005.11.09,bn317,Nov,9,12:02:06,bn317/bn317,ntpd,28385,""synchronized to 10.100.20.250, stratum 3"",E125,""synchronized to <*>, stratum <*>"""
204,-,1131566526,2005.11.09,tbird-admin1,Nov,9,12:02:06,local@tbird-admin1,/apps/x86_64/system/ganglia-3.0.1/sbin/gmetad,1682,data_thread() got not answer from any [Thunderbird_A8] datasource,E32,data_thread() got not answer from any [Thunderbird_<*>] datasource
205,-,1131566526,2005.11.09,tbird-sm1,Nov,9,12:02:06,src@tbird-sm1,ib_sm.x,24904,[ib_sm_sweep.c:1831]: ********************** NEW SWEEP ********************,E8,[ib_sm_sweep.c:1831]: ********************** NEW SWEEP ********************
206,-,1131566527,2005.11.09,aadmin1,Nov,9,12:02:07,src@aadmin1,dhcpd,,DHCPACK on 10.100.4.251 to 00:11:43:e3:ba:c3 via eth1,E35,DHCPACK on <*> to <*> via eth1
207,-,1131566527,2005.11.09,aadmin1,Nov,9,12:02:07,src@aadmin1,dhcpd,,DHCPDISCOVER from 00:11:43:e3:ba:c3 via eth1,E36,DHCPDISCOVER from <*> via eth1
208,-,1131566527,2005.11.09,aadmin1,Nov,9,12:02:07,src@aadmin1,dhcpd,,DHCPDISCOVER from 00:11:43:e3:ba:c3 via eth1,E36,DHCPDISCOVER from <*> via eth1
209,-,1131566527,2005.11.09,aadmin1,Nov,9,12:02:07,src@aadmin1,dhcpd,,DHCPOFFER on 10.100.4.251 to 00:11:43:e3:ba:c3 via eth1,E38,DHCPOFFER on <*> to <*> via eth1
210,-,1131566527,2005.11.09,aadmin1,Nov,9,12:02:07,src@aadmin1,dhcpd,,DHCPOFFER on 10.100.4.251 to 00:11:43:e3:ba:c3 via eth1,E38,DHCPOFFER on <*> to <*> via eth1
211,-,1131566527,2005.11.09,aadmin1,Nov,9,12:02:07,src@aadmin1,dhcpd,,DHCPREQUEST for 10.100.4.251 (10.100.0.250) from 00:11:43:e3:ba:c3 via eth1,E39,DHCPREQUEST for <*> (<*>) from <*> via eth1
212,-,1131566527,2005.11.09,aadmin2,Nov,9,12:02:07,src@aadmin2,dhcpd,,DHCPDISCOVER from 00:11:43:e3:ba:c3 via eth1: network A_net: no free leases,E37,DHCPDISCOVER from <*> via eth1: network A_net: no free leases
213,-,1131566527,2005.11.09,aadmin2,Nov,9,12:02:07,src@aadmin2,dhcpd,,DHCPDISCOVER from 00:11:43:e3:ba:c3 via eth1: network A_net: no free leases,E37,DHCPDISCOVER from <*> via eth1: network A_net: no free leases
214,-,1131566527,2005.11.09,aadmin2,Nov,9,12:02:07,src@aadmin2,dhcpd,,DHCPREQUEST for 10.100.4.251 (10.100.0.250) from 00:11:43:e3:ba:c3 via eth1: unknown lease 10.100.4.251.,E40,DHCPREQUEST for <*> (<*>) from <*> via eth1: unknown lease <*>.
215,-,1131566527,2005.11.09,aadmin3,Nov,9,12:02:07,src@aadmin3,dhcpd,,DHCPDISCOVER from 00:11:43:e3:ba:c3 via eth1: network A_net: no free leases,E37,DHCPDISCOVER from <*> via eth1: network A_net: no free leases
"570,-,1131566713,2005.11.09,cn375,Nov,9,12:05:13,cn375/cn375,ntpd,10237,""synchronized to 10.100.20.250, stratum 3"",E125,""synchronized to <*>, stratum <*>"""
"571,-,1131566713,2005.11.09,dn354,Nov,9,12:05:13,dn354/dn354,ntpd,32234,""synchronized to 10.100.28.250, stratum 3"",E125,""synchronized to <*>, stratum <*>"""
572,-,1131566713,2005.11.09,tbird-admin1,Nov,9,12:05:13,local@tbird-admin1,/apps/x86_64/system/ganglia-3.0.1/sbin/gmetad,1682,data_thread() got not answer from any [Thunderbird_A5] datasource,E32,data_thread() got not answer from any [Thunderbird_<*>] datasource
573,-,1131566713,2005.11.09,tbird-admin1,Nov,9,12:05:13,local@tbird-admin1,/apps/x86_64/system/ganglia-3.0.1/sbin/gmetad,1682,data_thread() got not answer from any [Thunderbird_C2] datasource,E32,data_thread() got not answer from any [Thunderbird_<*>] datasource
"574,-,1131566714,2005.11.09,bn703,Nov,9,12:05:14,bn703/bn703,ntpd,21338,""synchronized to 10.100.22.250, stratum 3"",E125,""synchronized to <*>, stratum <*>"""
575,-,1131566714,2005.11.09,tbird-admin1,Nov,9,12:05:14,local@tbird-admin1,/apps/x86_64/system/ganglia-3.0.1/sbin/gmetad,1682,data_thread() got not answer from any [Thunderbird_A2] datasource,E32,data_thread() got not answer from any [Thunderbird_<*>] datasource
576,-,1131566715,2005.11.09,tbird-admin1,Nov,9,12:05:15,local@tbird-admin1,/apps/x86_64/system/ganglia-3.0.1/sbin/gmetad,1682,data_thread() got not answer from any [Thunderbird_D8] datasource,E32,data_thread() got not answer from any [Thunderbird_<*>] datasource
"577,-,1131566716,2005.11.09,cn622,Nov,9,12:05:16,cn622/cn622,ntpd,18517,""synchronized to 10.100.18.250, stratum 3"",E125,""synchronized to <*>, stratum <*>"""
"578,-,1131566716,2005.11.09,dn406,Nov,9,12:05:16,dn406/dn406,ntpd,31933,""synchronized to 10.100.28.250, stratum 3"",E125,""synchronized to <*>, stratum <*>"""
579,-,1131566717,2005.11.09,tbird-admin1,Nov,9,12:05:17,local@tbird-admin1,/apps/x86_64/system/ganglia-3.0.1/sbin/gmetad,1682,RRD_update (/var/lib/ganglia/rrds/D Nodes/dn731/pkts_out.rrd): illegal attempt to update using time 1131563117 when last update time is 1131563117 (minimum one second step),E111,RRD_update (/var/lib/ganglia/rrds/<*>.rrd): illegal attempt to update using time <*> when last update time is <*> (minimum one second step)
"580,-,1131566718,2005.11.09,cn838,Nov,9,12:05:18,cn838/cn838,ntpd,28059,""synchronized to 10.100.20.250, stratum 3"",E125,""synchronized to <*>, stratum <*>"""
581,-,1131566718,2005.11.09,tbird-admin1,Nov,9,12:05:18,local@tbird-admin1,/apps/x86_64/system/ganglia-3.0.1/sbin/gmetad,1682,data_thread() got not answer from any [Thunderbird_D7] datasource,E32,data_thread() got not answer from any [Thunderbird_<*>] datasource
582,-,1131566719,2005.11.09,tbird-admin1,Nov,9,12:05:19,local@tbird-admin1,/apps/x86_64/system/ganglia-3.0.1/sbin/gmetad,1682,data_thread() got not answer from any [Thunderbird_D6] datasource,E32,data_thread() got not answer from any [Thunderbird_<*>] datasource
583,-,1131566721,2005.11.09,tbird-admin1,Nov,9,12:05:21,local@tbird-admin1,/apps/x86_64/system/ganglia-3.0.1/sbin/gmetad,1682,data_thread() got not answer from any [Thunderbird_A4] datasource,E32,data_thread() got not answer from any [Thunderbird_<*>] datasource
"584,-,1131566722,2005.11.09,cn327,Nov,9,12:05:22,cn327/cn327,ntpd,23021,""synchronized to 10.100.20.250, stratum 3"",E125,""synchronized to <*>, stratum <*>"""
585,-,1131566722,2005.11.09,tbird-sm1,Nov,9,12:05:22,src@tbird-sm1,ib_sm.x,24904,[ib_sm_sweep.c:1831]: ********************** NEW SWEEP ********************,E8,[ib_sm_sweep.c:1831]: ********************** NEW SWEEP ********************
"586,-,1131566723,2005.11.09,cn665,Nov,9,12:05:23,cn665/cn665,ntpd,23982,""synchronized to 10.100.22.250, stratum 3"",E125,""synchronized to <*>, stratum <*>"""
587,-,1131566723,2005.11.09,tbird-admin1,Nov,9,12:05:23,local@tbird-admin1,/apps/x86_64/system/ganglia-3.0.1/sbin/gmetad,1682,data_thread() got not answer from any [Thunderbird_B1] datasource,E32,data_thread() got not answer from any [Thunderbird_<*>] datasource
588,-,1131566723,2005.11.09,tbird-admin1,Nov,9,12:05:23,local@tbird-admin1,/apps/x86_64/system/ganglia-3.0.1/sbin/gmetad,1682,data_thread() got not answer from any [Thunderbird_B5] datasource,E32,data_thread() got not answer from any [Thunderbird_<*>] datasource
589,-,1131566724,2005.11.09,tbird-admin1,Nov,9,12:05:24,local@tbird-admin1,/apps/x86_64/system/ganglia-3.0.1/sbin/gmetad,1682,data_thread() got not answer from any [Thunderbird_D4] datasource,E32,data_thread() got not answer from any [Thunderbird_<*>] datasource
590,-,1131566725,2005.11.09,tbird-admin1,Nov,9,12:05:25,local@tbird-admin1,/apps/x86_64/system/ganglia-3.0.1/sbin/gmetad,1682,data_thread() got not answer from any [Thunderbird_A7] datasource,E32,data_thread() got not answer from any [Thunderbird_<*>] datasource
591,-,1131566726,2005.11.09,tbird-admin1,Nov,9,12:05:26,local@tbird-admin1,/apps/x86_64/system/ganglia-3.0.1/sbin/gmetad,1682,data_thread() got not answer from any [Thunderbird_C5] datasource,E32,data_thread() got not answer from any [Thunderbird_<*>] datasource
592,-,1131566726,2005.11.09,tbird-sm1,Nov,9,12:05:26,src@tbird-sm1,ib_sm.x,24904,[ib_sm_sweep.c:1455]: No topology change,E6,[ib_sm_sweep.c:1455]: No topology change
593,-,1131566726,2005.11.09,tbird-sm1,Nov,9,12:05:26,src@tbird-sm1,ib_sm.x,24904,[ib_sm_sweep.c:1482]: No configuration change required,E7,[ib_sm_sweep.c:1482]: No configuration change required
"594,-,1131566727,2005.11.09,cn269,Nov,9,12:05:27,cn269/cn269,ntpd,12178,""synchronized to 10.100.20.250, stratum 3"",E125,""synchronized to <*>, stratum <*>"""
"595,-,1131566727,2005.11.09,cn290,Nov,9,12:05:27,cn290/cn290,ntpd,23984,""synchronized to 10.100.20.250, stratum 3"",E125,""synchronized to <*>, stratum <*>"""
"596,-,1131566727,2005.11.09,cn92,Nov,9,12:05:27,cn92/cn92,ntpd,19774,""synchronized to 10.100.22.250, stratum 3"",E125,""synchronized to <*>, stratum <*>"""
"597,-,1131566727,2005.11.09,dn948,Nov,9,12:05:27,dn948/dn948,ntpd,25162,""synchronized to 10.100.28.250, stratum 3"",E125,""synchronized to <*>, stratum <*>"""
598,-,1131566727,2005.11.09,tbird-admin1,Nov,9,12:05:27,local@tbird-admin1,/apps/x86_64/system/ganglia-3.0.1/sbin/gmetad,1682,data_thread() got not answer from any [Thunderbird_B8] datasource,E32,data_thread() got not answer from any [Thunderbird_<*>] datasource
599,-,1131566728,2005.11.09,tbird-admin1,Nov,9,12:05:28,local@tbird-admin1,/apps/x86_64/system/ganglia-3.0.1/sbin/gmetad,1682,data_thread() got not answer from any [Thunderbird_C6] datasource,E32,data_thread() got not answer from any [Thunderbird_<*>] datasource
600,-,1131566729,2005.11.09,tbird-admin1,Nov,9,12:05:29,local@tbird-admin1,/apps/x86_64/system/ganglia-3.0.1/sbin/gmetad,1682,data_thread() got not answer from any [Thunderbird_A8] datasource,E32,data_thread() got not answer from any [Thunderbird_<*>] datasource
601,-,1131566729,2005.11.09,tbird-admin1,Nov,9,12:05:29,local@tbird-admin1,/apps/x86_64/system/ganglia-3.0.1/sbin/gmetad,1682,data_thread() got not answer from any [Thunderbird_B2] datasource,E32,data_thread() got not answer from any [Thunderbird_<*>] datasource
602,-,1131566729,2005.11.09,tbird-admin1,Nov,9,12:05:29,local@tbird-admin1,/apps/x86_64/system/ganglia-3.0.1/sbin/gmetad,1682,data_thread() got not answer from any [Thunderbird_B3] datasource,E32,data_thread() got not answer from any [Thunderbird_<*>] datasource
"603,-,1131566730,2005.11.09,cn92,Nov,9,12:05:30,cn92/cn92,ntpd,19774,""synchronized to 10.100.18.250, stratum 3"",E125,""synchronized to <*>, stratum <*>"""
604,-,1131566731,2005.11.09,tbird-admin1,Nov,9,12:05:31,local@tbird-admin1,/apps/x86_64/system/ganglia-3.0.1/sbin/gmetad,1682,data_thread() got not answer from any [Thunderbird_B4] datasource,E32,data_thread() got not answer from any [Thunderbird_<*>] datasource
605,-,1131566731,2005.11.09,tbird-admin1,Nov,9,12:05:31,local@tbird-admin1,/apps/x86_64/system/ganglia-3.0.1/sbin/gmetad,1682,data_thread() got not answer from any [Thunderbird_B7] datasource,E32,data_thread() got not answer from any [Thunderbird_<*>] datasource
"606,-,1131566733,2005.11.09,cn16,Nov,9,12:05:33,cn16/cn16,ntpd,15426,""synchronized to 10.100.20.250, stratum 3"",E125,""synchronized to <*>, stratum <*>"""
"607,-,1131566733,2005.11.09,cn315,Nov,9,12:05:33,cn315/cn315,ntpd,23358,""synchronized to 10.100.20.250, stratum 3"",E125,""synchronized to <*>, stratum <*>"""
"608,-,1131566734,2005.11.09,cn670,Nov,9,12:05:34,cn670/cn670,ntpd,18560,""synchronized to 10.100.22.250, stratum 3"",E125,""synchronized to <*>, stratum <*>"""
"609,-,1131566736,2005.11.09,bn263,Nov,9,12:05:36,bn263/bn263,ntpd,23720,""synchronized to 10.100.20.250, stratum 3"",E125,""synchronized to <*>, stratum <*>"""
610,-,1131566736,2005.11.09,tbird-admin1,Nov,9,12:05:36,local@tbird-admin1,/apps/x86_64/system/ganglia-3.0.1/sbin/gmetad,1682,data_thread() got not answer from any [Thunderbird_B6] datasource,E32,data_thread() got not answer from any [Thunderbird_<*>] datasource
611,-,1131566736,2005.11.09,tbird-admin1,Nov,9,12:05:36,local@tbird-admin1,/apps/x86_64/system/ganglia-3.0.1/sbin/gmetad,1682,data_thread() got not answer from any [Thunderbird_D5] datasource,E32,data_thread() got not answer from any [Thunderbird_<*>] datasource
612,-,1131566736,2005.11.09,tbird-sm1,Nov,9,12:05:36,src@tbird-sm1,ib_sm.x,24904,[ib_sm_sweep.c:1831]: ********************** NEW SWEEP ********************,E8,[ib_sm_sweep.c:1831]: ********************** NEW SWEEP ********************
613,-,1131566737,2005.11.09,tbird-admin1,Nov,9,12:05:37,local@tbird-admin1,/apps/x86_64/system/ganglia-3.0.1/sbin/gmetad,1682,data_thread() got not answer from any [Thunderbird_A6] datasource,E32,data_thread() got not answer from any [Thunderbird_<*>] datasource
614,-,1131566738,2005.11.09,tbird-admin1,Nov,9,12:05:38,local@tbird-admin1,/apps/x86_64/system/ganglia-3.0.1/sbin/gmetad,1682,data_thread() got not answer from any [Thunderbird_A5] datasource,E32,data_thread() got not answer from any [Thunderbird_<*>] datasource
615,-,1131566739,2005.11.09,tbird-admin1,Nov,9,12:05:39,local@tbird-admin1,/apps/x86_64/system/ganglia-3.0.1/sbin/gmetad,1682,data_thread() got not answer from any [Thunderbird_A2] datasource,E32,data_thread() got not answer from any [Thunderbird_<*>] datasource
616,-,1131566739,2005.11.09,tbird-admin1,Nov,9,12:05:39,local@tbird-admin1,/apps/x86_64/system/ganglia-3.0.1/sbin/gmetad,1682,data_thread() got not answer from any [Thunderbird_C1] datasource,E32,data_thread() got not answer from any [Thunderbird_<*>] datasource
617,-,1131566739,2005.11.09,tbird-admin1,Nov,9,12:05:39,local@tbird-admin1,/apps/x86_64/system/ganglia-3.0.1/sbin/gmetad,1682,data_thread() got not answer from any [Thunderbird_C4] datasource,E32,data_thread() got not answer from any [Thunderbird_<*>] datasource
"618,-,1131566740,2005.11.09,dn393,Nov,9,12:05:40,dn393/dn393,ntpd,4696,""synchronized to 10.100.28.250, stratum 3"",E125,""synchronized to <*>, stratum <*>"""
619,-,1131566740,2005.11.09,tbird-sm1,Nov,9,12:05:40,src@tbird-sm1,ib_sm.x,24904,[ib_sm_sweep.c:1455]: No topology change,E6,[ib_sm_sweep.c:1455]: No topology change
620,-,1131566740,2005.11.09,tbird-sm1,Nov,9,12:05:40,src@tbird-sm1,ib_sm.x,24904,[ib_sm_sweep.c:1482]: No configuration change required,E7,[ib_sm_sweep.c:1482]: No configuration change required
"621,-,1131566741,2005.11.09,bn285,Nov,9,12:05:41,bn285/bn285,ntpd,23597,""synchronized to 10.100.12.250, stratum 3"",E125,""synchronized to <*>, stratum <*>"""
"622,-,1131566741,2005.11.09,cn697,Nov,9,12:05:41,cn697/cn697,ntpd,19486,""synchronized to 10.100.18.250, stratum 3"",E125,""synchronized to <*>, stratum <*>"""
623,-,1131566742,2005.11.09,tbird-admin1,Nov,9,12:05:42,local@tbird-admin1,/apps/x86_64/system/ganglia-3.0.1/sbin/gmetad,1682,data_thread() got not answer from any [Thunderbird_A1] datasource,E32,data_thread() got not answer from any [Thunderbird_<*>] datasource
624,-,1131566742,2005.11.09,tbird-admin1,Nov,9,12:05:42,local@tbird-admin1,/apps/x86_64/system/ganglia-3.0.1/sbin/gmetad,1682,data_thread() got not answer from any [Thunderbird_A3] datasource,E32,data_thread() got not answer from any [Thunderbird_<*>] datasource
625,-,1131566743,2005.11.09,tbird-admin1,Nov,9,12:05:43,local@tbird-admin1,/apps/x86_64/system/ganglia-3.0.1/sbin/gmetad,1682,data_thread() got not answer from any [Thunderbird_C8] datasource,E32,data_thread() got not answer from any [Thunderbird_<*>] datasource
"626,-,1131566744,2005.11.09,dn800,Nov,9,12:05:44,dn800/dn800,ntpd,542,""synchronized to 10.100.28.250, stratum 3"",E125,""synchronized to <*>, stratum <*>"""
"627,-,1131566745,2005.11.09,bn174,Nov,9,12:05:45,bn174/bn174,ntpd,21683,""synchronized to 10.100.20.250, stratum 3"",E125,""synchronized to <*>, stratum <*>"""
"628,-,1131566746,2005.11.09,cn826,Nov,9,12:05:46,cn826/cn826,ntpd,29220,""synchronized to 10.100.20.250, stratum 3"",E125,""synchronized to <*>, stratum <*>"""
629,-,1131566746,2005.11.09,tbird-admin1,Nov,9,12:05:46,local@tbird-admin1,/apps/x86_64/system/ganglia-3.0.1/sbin/gmetad,1682,data_thread() got not answer from any [Thunderbird_C2] datasource,E32,data_thread() got not answer from any [Thunderbird_<*>] datasource
630,-,1131566748,2005.11.09,tbird-admin1,Nov,9,12:05:48,local@tbird-admin1,/apps/x86_64/system/ganglia-3.0.1/sbin/gmetad,1682,data_thread() got not answer from any [Thunderbird_D8] datasource,E32,data_thread() got not answer from any [Thunderbird_<*>] datasource
631,-,1131566749,2005.11.09,tbird-admin1,Nov,9,12:05:49,local@tbird-admin1,/apps/x86_64/system/ganglia-3.0.1/sbin/gmetad,1682,RRD_update (/var/lib/ganglia/rrds/D Nodes/dn731/pkts_out.rrd): illegal attempt to update using time 1131563149 when last update time is 1131563149 (minimum one second step),E111,RRD_update (/var/lib/ganglia/rrds/<*>.rrd): illegal attempt to update using time <*> when last update time is <*> (minimum one second step)
632,-,1131566749,2005.11.09,tbird-admin1,Nov,9,12:05:49,local@tbird-admin1,/apps/x86_64/system/ganglia-3.0.1/sbin/gmetad,1682,data_thread() got not answer from any [Thunderbird_D6] datasource,E32,data_thread() got not answer from any [Thunderbird_<*>] datasource
633,-,1131566750,2005.11.09,tbird-admin1,Nov,9,12:05:50,local@tbird-admin1,/apps/x86_64/system/ganglia-3.0.1/sbin/gmetad,1682,data_thread() got not answer from any [Thunderbird_A7] datasource,E32,data_thread() got not answer from any [Thunderbird_<*>] datasource
634,-,1131566750,2005.11.09,tbird-sm1,Nov,9,12:05:50,src@tbird-sm1,ib_sm.x,24904,[ib_sm_sweep.c:1831]: ********************** NEW SWEEP ********************,E8,[ib_sm_sweep.c:1831]: ********************** NEW SWEEP ********************
635,-,1131566751,2005.11.09,tbird-admin1,Nov,9,12:05:51,local@tbird-admin1,/apps/x86_64/system/ganglia-3.0.1/sbin/gmetad,1682,data_thread() got not answer from any [Thunderbird_D4] datasource,E32,data_thread() got not answer from any [Thunderbird_<*>] datasource
636,-,1131566752,2005.11.09,tbird-admin1,Nov,9,12:05:52,local@tbird-admin1,/apps/x86_64/system/ganglia-3.0.1/sbin/gmetad,1682,data_thread() got not answer from any [Thunderbird_B1] datasource,E32,data_thread() got not answer from any [Thunderbird_<*>] datasource
637,-,1131566752,2005.11.09,tbird-admin1,Nov,9,12:05:52,local@tbird-admin1,/apps/x86_64/system/ganglia-3.0.1/sbin/gmetad,1682,data_thread() got not answer from any [Thunderbird_B5] datasource,E32,data_thread() got not answer from any [Thunderbird_<*>] datasource
638,-,1131566752,2005.11.09,tbird-admin1,Nov,9,12:05:52,local@tbird-admin1,/apps/x86_64/system/ganglia-3.0.1/sbin/gmetad,1682,data_thread() got not answer from any [Thunderbird_D7] datasource,E32,data_thread() got not answer from any [Thunderbird_<*>] datasource
"639,-,1131566753,2005.11.09,dn789,Nov,9,12:05:53,dn789/dn789,ntpd,32333,""synchronized to 10.100.28.250, stratum 3"",E125,""synchronized to <*>, stratum <*>"""
640,-,1131566754,2005.11.09,tbird-admin1,Nov,9,12:05:54,local@tbird-admin1,/apps/x86_64/system/ganglia-3.0.1/sbin/gmetad,1682,data_thread() got not answer from any [Thunderbird_A4] datasource,E32,data_thread() got not answer from any [Thunderbird_<*>] datasource
641,-,1131566754,2005.11.09,tbird-sm1,Nov,9,12:05:54,src@tbird-sm1,ib_sm.x,24904,[ib_sm_sweep.c:1455]: No topology change,E6,[ib_sm_sweep.c:1455]: No topology change
642,-,1131566754,2005.11.09,tbird-sm1,Nov,9,12:05:54,src@tbird-sm1,ib_sm.x,24904,[ib_sm_sweep.c:1482]: No configuration change required,E7,[ib_sm_sweep.c:1482]: No configuration change required
"643,-,1131566755,2005.11.09,bn154,Nov,9,12:05:55,bn154/bn154,ntpd,22847,""synchronized to 10.100.20.250, stratum 3"",E125,""synchronized to <*>, stratum <*>"""
644,-,1131566755,2005.11.09,tbird-admin1,Nov,9,12:05:55,local@tbird-admin1,/apps/x86_64/system/ganglia-3.0.1/sbin/gmetad,1682,data_thread() got not answer from any [Thunderbird_C5] datasource,E32,data_thread() got not answer from any [Thunderbird_<*>] datasource
"645,-,1131566756,2005.11.09,bn361,Nov,9,12:05:56,bn361/bn361,ntpd,28875,""synchronized to 10.100.22.250, stratum 3"",E125,""synchronized to <*>, stratum <*>"""
"646,-,1131566756,2005.11.09,cn408,Nov,9,12:05:56,cn408/cn408,ntpd,13232,""synchronized to 10.100.22.250, stratum 3"",E125,""synchronized to <*>, stratum <*>"""
647,-,1131566756,2005.11.09,tbird-admin1,Nov,9,12:05:56,local@tbird-admin1,/apps/x86_64/system/ganglia-3.0.1/sbin/gmetad,1682,data_thread() got not answer from any [Thunderbird_C6] datasource,E32,data_thread() got not answer from any [Thunderbird_<*>] datasource
648,-,1131566757,2005.11.09,tbird-admin1,Nov,9,12:05:57,local@tbird-admin1,/apps/x86_64/system/ganglia-3.0.1/sbin/gmetad,1682,data_thread() got not answer from any [Thunderbird_B8] datasource,E32,data_thread() got not answer from any [Thunderbird_<*>] datasource
"649,-,1131566758,2005.11.09,cn278,Nov,9,12:05:58,cn278/cn278,ntpd,10806,""synchronized to 10.100.20.250, stratum 3"",E125,""synchronized to <*>, stratum <*>"""
"650,-,1131566758,2005.11.09,cn770,Nov,9,12:05:58,cn770/cn770,ntpd,28162,""synchronized to 10.100.22.250, stratum 3"",E125,""synchronized to <*>, stratum <*>"""
651,-,1131566758,2005.11.09,tbird-admin1,Nov,9,12:05:58,local@tbird-admin1,/apps/x86_64/system/ganglia-3.0.1/sbin/gmetad,1682,data_thread() got not answer from any [Thunderbird_A8] datasource,E32,data_thread() got not answer from any [Thunderbird_<*>] datasource
652,-,1131566758,2005.11.09,tbird-admin1,Nov,9,12:05:58,local@tbird-admin1,/apps/x86_64/system/ganglia-3.0.1/sbin/gmetad,1682,data_thread() got not answer from any [Thunderbird_B2] datasource,E32,data_thread() got not answer from any [Thunderbird_<*>] datasource
"653,-,1131566759,2005.11.09,cn25,Nov,9,12:05:59,cn25/cn25,ntpd,15539,""synchronized to 10.100.16.250, stratum 3"",E125,""synchronized to <*>, stratum <*>"""
"654,-,1131566761,2005.11.09,bn19,Nov,9,12:06:01,bn19/bn19,ntpd,22830,""synchronized to 10.100.18.250, stratum 3"",E125,""synchronized to <*>, stratum <*>"""
"655,-,1131566762,2005.11.09,cn488,Nov,9,12:06:02,cn488/cn488,ntpd,15809,""synchronized to 10.100.20.250, stratum 3"",E125,""synchronized to <*>, stratum <*>"""
656,-,1131566762,2005.11.09,tbird-admin1,Nov,9,12:06:02,local@tbird-admin1,/apps/x86_64/system/ganglia-3.0.1/sbin/gmetad,1682,data_thread() got not answer from any [Thunderbird_B7] datasource,E32,data_thread() got not answer from any [Thunderbird_<*>] datasource
"657,-,1131566763,2005.11.09,bn148,Nov,9,12:06:03,bn148/bn148,ntpd,22814,""synchronized to 10.100.18.250, stratum 3"",E125,""synchronized to <*>, stratum <*>"""
"658,-,1131566763,2005.11.09,cn880,Nov,9,12:06:03,cn880/cn880,ntpd,29120,""synchronized to 10.100.16.250, stratum 3"",E125,""synchronized to <*>, stratum <*>"""
659,-,1131566763,2005.11.09,tbird-admin1,Nov,9,12:06:03,local@tbird-admin1,/apps/x86_64/system/ganglia-3.0.1/sbin/gmetad,1682,data_thread() got not answer from any [Thunderbird_B3] datasource,E32,data_thread() got not answer from any [Thunderbird_<*>] datasource
"660,-,1131566764,2005.11.09,bn325,Nov,9,12:06:04,bn325/bn325,ntpd,29392,""synchronized to 10.100.20.250, stratum 3"",E125,""synchronized to <*>, stratum <*>"""
661,-,1131566764,2005.11.09,tbird-admin1,Nov,9,12:06:04,local@tbird-admin1,/apps/x86_64/system/ganglia-3.0.1/sbin/gmetad,1682,data_thread() got not answer from any [Thunderbird_D5] datasource,E32,data_thread() got not answer from any [Thunderbird_<*>] datasource
662,-,1131566764,2005.11.09,tbird-sm1,Nov,9,12:06:04,src@tbird-sm1,ib_sm.x,24904,[ib_sm_sweep.c:1831]: ********************** NEW SWEEP ********************,E8,[ib_sm_sweep.c:1831]: ********************** NEW SWEEP ********************
663,-,1131566765,2005.11.09,tbird-admin1,Nov,9,12:06:05,local@tbird-admin1,/apps/x86_64/system/ganglia-3.0.1/sbin/gmetad,1682,data_thread() got not answer from any [Thunderbird_A2] datasource,E32,data_thread() got not answer from any [Thunderbird_<*>] datasource
664,-,1131566765,2005.11.09,tbird-admin1,Nov,9,12:06:05,local@tbird-admin1,/apps/x86_64/system/ganglia-3.0.1/sbin/gmetad,1682,data_thread() got not answer from any [Thunderbird_B4] datasource,E32,data_thread() got not answer from any [Thunderbird_<*>] datasource
"665,-,1131566766,2005.11.09,cn370,Nov,9,12:06:06,cn370/cn370,ntpd,10288,""synchronized to 10.100.16.250, stratum 3"",E125,""synchronized to <*>, stratum <*>"""
666,-,1131566766,2005.11.09,tbird-admin1,Nov,9,12:06:06,local@tbird-admin1,/apps/x86_64/system/ganglia-3.0.1/sbin/gmetad,1682,data_thread() got not answer from any [Thunderbird_A6] datasource,E32,data_thread() got not answer from any [Thunderbird_<*>] datasource
667,-,1131566766,2005.11.09,tbird-admin1,Nov,9,12:06:06,local@tbird-admin1,/apps/x86_64/system/ganglia-3.0.1/sbin/gmetad,1682,data_thread() got not answer from any [Thunderbird_C4] datasource,E32,data_thread() got not answer from any [Thunderbird_<*>] datasource
"668,-,1131566767,2005.11.09,cn346,Nov,9,12:06:07,cn346/cn346,ntpd,12656,""synchronized to 10.100.20.250, stratum 3"",E125,""synchronized to <*>, stratum <*>"""
"669,-,1131566767,2005.11.09,cn542,Nov,9,12:06:07,cn542/cn542,ntpd,13781,""synchronized to 10.100.20.250, stratum 3"",E125,""synchronized to <*>, stratum <*>"""
"670,-,1131566768,2005.11.09,dn42,Nov,9,12:06:08,dn42/dn42,ntpd,20828,""synchronized to 10.100.26.250, stratum 3"",E125,""synchronized to <*>, stratum <*>"""
671,-,1131566768,2005.11.09,tbird-admin1,Nov,9,12:06:08,local@tbird-admin1,/apps/x86_64/system/ganglia-3.0.1/sbin/gmetad,1682,data_thread() got not answer from any [Thunderbird_A1] datasource,E32,data_thread() got not answer from any [Thunderbird_<*>] datasource
672,-,1131566768,2005.11.09,tbird-admin1,Nov,9,12:06:08,local@tbird-admin1,/apps/x86_64/system/ganglia-3.0.1/sbin/gmetad,1682,data_thread() got not answer from any [Thunderbird_B6] datasource,E32,data_thread() got not answer from any [Thunderbird_<*>] datasource
